erwy1fowjo6j@1secmail.com,2181813023
erwy1fowjo6j@1secmail.com,379337465
erwy1fowjo6j@1secmail.com,686716976
erwy1fowjo6j@1secmail.com,706935881
erwy1fowjo6j@1secmail.com,2872397159
erwy1fowjo6j@1secmail.com,8564998775
erwy1fowjo6j@1secmail.com,582677655
erwy1fowjo6j@1secmail.com,6111142516
erwy1fowjo6j@1secmail.com,61111425161
erwy1fowjo6j@1secmail.com,611114251611
erwy1fowjo6j@1secmail.com,6111142516111
l0qml2ojajt@vddaz.com,28068737
l0qml2ojajt@vddaz.com,37409663
l0qml2ojajt@vddaz.com,374096631
r9atkcq@1secmail.net,328918820
r9atkcq@1secmail.net,4836864795
r9atkcq@1secmail.net,48368647951
